label,budget_label,budget_minutes,n_params,data_fraction,step,train_loss,val_loss,lr,elapsed_s,cumul_gflops,gflops_per_s
30m_56k_d25,30m,30,56448,0.25,0,3.342152,3.345931,0.00300000,0.194,1.3873,7.1627
30m_56k_d25,30m,30,56448,0.25,216,1.172493,1.197918,0.00292929,6.098,301.0367,53.2032
30m_56k_d25,30m,30,56448,0.25,432,0.685911,0.710818,0.00272406,11.358,600.6862,59.1869
30m_56k_d25,30m,30,56448,0.25,648,0.535550,0.568482,0.00240433,16.955,900.3357,55.8678
30m_56k_d25,30m,30,56448,0.25,864,0.462641,0.511248,0.00200128,22.614,1199.9851,55.3872
30m_56k_d25,30m,30,56448,0.25,1080,0.418588,0.476626,0.00155421,28.032,1499.6346,57.6892
30m_56k_d25,30m,30,56448,0.25,1296,0.393592,0.435466,0.00110673,33.510,1799.2841,56.7786
30m_56k_d25,30m,30,56448,0.25,1512,0.365298,0.415621,0.00070249,39.281,2098.9335,53.9707
30m_56k_d25,30m,30,56448,0.25,1728,0.349450,0.394398,0.00038090,44.673,2398.5830,58.0420
30m_56k_d25,30m,30,56448,0.25,1944,0.340894,0.388700,0.00017333,50.086,2698.2325,57.9220
30m_56k_d25,30m,30,56448,0.25,2160,0.337845,0.375849,0.00010002,55.579,2997.8819,56.7612
30m_56k_d25,30m,30,56448,0.25,2164,0.336785,0.385904,0.00010000,55.875,3003.4310,60.7901
30m_56k_d50,30m,30,56448,0.5,0,3.377925,3.378857,0.00300000,0.193,1.3873,7.1856
30m_56k_d50,30m,30,56448,0.5,216,1.134441,1.148986,0.00292929,6.094,301.0367,53.1455
30m_56k_d50,30m,30,56448,0.5,432,0.677975,0.702372,0.00272406,11.357,600.6862,59.2564
30m_56k_d50,30m,30,56448,0.5,648,0.541107,0.572327,0.00240433,16.937,900.3357,55.9994
30m_56k_d50,30m,30,56448,0.5,864,0.478090,0.494452,0.00200128,22.599,1199.9851,55.3147
30m_56k_d50,30m,30,56448,0.5,1080,0.437407,0.454306,0.00155421,28.029,1499.6346,57.5133
30m_56k_d50,30m,30,56448,0.5,1296,0.407505,0.420905,0.00110673,33.523,1799.2841,56.5303
30m_56k_d50,30m,30,56448,0.5,1512,0.383159,0.403380,0.00070249,39.253,2098.9335,54.3255
30m_56k_d50,30m,30,56448,0.5,1728,0.363769,0.388312,0.00038090,44.715,2398.5830,57.2878
30m_56k_d50,30m,30,56448,0.5,1944,0.362207,0.374343,0.00017333,50.069,2698.2325,58.6685
30m_56k_d50,30m,30,56448,0.5,2160,0.352396,0.375555,0.00010002,55.508,2997.8819,57.2638
30m_56k_d50,30m,30,56448,0.5,2164,0.358211,0.369261,0.00010000,55.813,3003.4310,60.0848
30m_56k_d100,30m,30,56448,1.0,0,3.368412,3.368965,0.00300000,0.194,1.3873,7.1600
30m_56k_d100,30m,30,56448,1.0,216,1.175112,1.175968,0.00292929,6.129,301.0367,52.7667
30m_56k_d100,30m,30,56448,1.0,432,0.678689,0.699901,0.00272406,11.425,600.6862,58.7571
30m_56k_d100,30m,30,56448,1.0,648,0.551355,0.547239,0.00240433,17.047,900.3357,55.5072
30m_56k_d100,30m,30,56448,1.0,864,0.481438,0.481859,0.00200128,22.753,1199.9851,54.7995
30m_56k_d100,30m,30,56448,1.0,1080,0.438523,0.436934,0.00155421,28.126,1499.6346,58.2984
30m_56k_d100,30m,30,56448,1.0,1296,0.396137,0.397913,0.00110673,33.555,1799.2841,57.3565
30m_56k_d100,30m,30,56448,1.0,1512,0.376960,0.386043,0.00070249,39.383,2098.9335,53.4586
30m_56k_d100,30m,30,56448,1.0,1728,0.363115,0.367793,0.00038090,44.769,2398.5830,58.0669
30m_56k_d100,30m,30,56448,1.0,1944,0.353999,0.367457,0.00017333,50.150,2698.2325,58.6054
30m_56k_d100,30m,30,56448,1.0,2160,0.352403,0.354879,0.00010002,55.608,2997.8819,57.0550
30m_56k_d100,30m,30,56448,1.0,2164,0.356978,0.357632,0.00010000,55.904,3003.4310,61.7104
30m_106k_d25,30m,30,106432,0.25,0,3.357309,3.359288,0.00300000,0.200,2.6157,13.0594
30m_106k_d25,30m,30,106432,0.25,111,1.880971,1.900320,0.00292966,6.037,292.9554,53.5609
30m_106k_d25,30m,30,106432,0.25,222,1.368577,1.389317,0.00272547,11.341,583.2950,58.8410
30m_106k_d25,30m,30,106432,0.25,333,0.802632,0.858470,0.00240724,16.870,873.6347,56.8316
30m_106k_d25,30m,30,106432,0.25,444,0.551584,0.612597,0.00200584,22.507,1163.9744,56.1808
30m_106k_d25,30m,30,106432,0.25,555,0.442324,0.489543,0.00156021,27.824,1454.3141,58.9894
30m_106k_d25,30m,30,106432,0.25,666,0.375080,0.420564,0.00111360,33.223,1744.6538,57.7612
30m_106k_d25,30m,30,106432,0.25,777,0.346053,0.388950,0.00070932,39.000,2034.9935,53.7020
30m_106k_d25,30m,30,106432,0.25,888,0.331771,0.358640,0.00038661,44.431,2325.3331,57.8811
30m_106k_d25,30m,30,106432,0.25,999,0.318731,0.364720,0.00017676,49.737,2615.6728,59.2808
30m_106k_d25,30m,30,106432,0.25,1110,0.309417,0.362153,0.00010014,55.233,2906.0125,57.1091
30m_106k_d25,30m,30,106432,0.25,1115,0.311409,0.365117,0.00010000,55.820,2919.0909,60.7694
30m_106k_d50,30m,30,106432,0.5,0,3.407079,3.405891,0.00300000,0.196,2.6157,13.3372
30m_106k_d50,30m,30,106432,0.5,111,1.787723,1.835523,0.00292966,6.068,292.9554,53.4114
30m_106k_d50,30m,30,106432,0.5,222,1.152645,1.183368,0.00272547,11.389,583.2950,58.5927
30m_106k_d50,30m,30,106432,0.5,333,0.764194,0.791000,0.00240724,16.863,873.6347,57.0607
30m_106k_d50,30m,30,106432,0.5,444,0.545858,0.570353,0.00200584,22.432,1163.9744,56.6806
30m_106k_d50,30m,30,106432,0.5,555,0.446445,0.464917,0.00156021,27.685,1454.3141,59.5371
30m_106k_d50,30m,30,106432,0.5,666,0.388219,0.409341,0.00111360,33.054,1744.6538,57.9561
30m_106k_d50,30m,30,106432,0.5,777,0.354292,0.376748,0.00070932,38.745,2034.9935,54.7529
30m_106k_d50,30m,30,106432,0.5,888,0.328413,0.352798,0.00038661,44.088,2325.3331,59.1680
30m_106k_d50,30m,30,106432,0.5,999,0.319288,0.337647,0.00017676,49.374,2615.6728,59.2331
30m_106k_d50,30m,30,106432,0.5,1110,0.312982,0.339233,0.00010014,54.666,2906.0125,58.9671
30m_106k_d50,30m,30,106432,0.5,1115,0.323250,0.336390,0.00010000,55.337,2919.0909,64.2968
30m_106k_d100,30m,30,106432,1.0,0,3.382151,3.382286,0.00300000,0.198,2.6157,13.2028
30m_106k_d100,30m,30,106432,1.0,111,1.838006,1.842941,0.00292966,6.097,292.9554,53.2218
30m_106k_d100,30m,30,106432,1.0,222,1.198263,1.216804,0.00272547,11.390,583.2950,58.9027
30m_106k_d100,30m,30,106432,1.0,333,0.760667,0.758475,0.00240724,16.835,873.6347,57.4519
30m_106k_d100,30m,30,106432,1.0,444,0.556164,0.552170,0.00200584,22.479,1163.9744,55.6482
30m_106k_d100,30m,30,106432,1.0,555,0.450228,0.453762,0.00156021,27.844,1454.3141,58.3365
30m_106k_d100,30m,30,106432,1.0,666,0.391983,0.397916,0.00111360,33.221,1744.6538,58.0469
30m_106k_d100,30m,30,106432,1.0,777,0.363697,0.377282,0.00070932,38.953,2034.9935,54.2337
30m_106k_d100,30m,30,106432,1.0,888,0.343128,0.338346,0.00038661,44.270,2325.3331,59.0504
30m_106k_d100,30m,30,106432,1.0,999,0.327317,0.332953,0.00017676,49.621,2615.6728,59.0697
30m_106k_d100,30m,30,106432,1.0,1110,0.327031,0.329920,0.00010014,55.093,2906.0125,57.0140
30m_106k_d100,30m,30,106432,1.0,1115,0.320001,0.324847,0.00010000,55.660,2919.0909,63.3931
30m_206k_d25,30m,30,206400,0.25,0,3.401108,3.401885,0.00300000,0.088,5.0725,57.6956
30m_206k_d25,30m,30,206400,0.25,54,2.455295,2.466559,0.00292955,5.732,278.9868,55.5241
30m_206k_d25,30m,30,206400,0.25,108,2.096539,2.120692,0.00272505,11.105,552.9010,58.7585
30m_206k_d25,30m,30,206400,0.25,162,1.860394,1.892144,0.00240636,16.550,826.8153,57.8582
30m_206k_d25,30m,30,206400,0.25,216,1.652541,1.677852,0.00200446,24.291,1100.7295,39.5003
30m_206k_d25,30m,30,206400,0.25,270,1.432776,1.452052,0.00155840,30.066,1374.6438,55.2864
30m_206k_d25,30m,30,206400,0.25,324,1.227017,1.244577,0.00111153,36.258,1648.5581,51.7397
30m_206k_d25,30m,30,206400,0.25,378,1.051989,1.084837,0.00070726,42.231,1922.4723,53.2229
30m_206k_d25,30m,30,206400,0.25,432,0.935702,0.982063,0.00038488,48.276,2196.3866,52.7268
30m_206k_d25,30m,30,206400,0.25,486,0.874847,0.934481,0.00017572,54.430,2470.3009,50.6093
30m_206k_d25,30m,30,206400,0.25,540,0.862109,0.913498,0.00010010,60.118,2744.2151,57.7661
30m_206k_d25,30m,30,206400,0.25,542,0.846261,0.890073,0.00010000,60.995,2754.3601,65.3710
30m_206k_d50,30m,30,206400,0.5,0,3.398865,3.400805,0.00300000,0.081,5.0725,62.5569
30m_206k_d50,30m,30,206400,0.5,54,2.225743,2.241001,0.00292955,5.835,278.9868,54.8037
30m_206k_d50,30m,30,206400,0.5,108,1.890960,1.922576,0.00272505,11.286,552.9010,58.2642
30m_206k_d50,30m,30,206400,0.5,162,1.681759,1.684695,0.00240636,16.818,826.8153,56.9413
30m_206k_d50,30m,30,206400,0.5,216,1.376763,1.408386,0.00200446,24.450,1100.7295,42.1972
30m_206k_d50,30m,30,206400,0.5,270,1.109551,1.138507,0.00155840,30.203,1374.6438,55.2231
30m_206k_d50,30m,30,206400,0.5,324,0.915811,0.927218,0.00111153,36.349,1648.5581,52.2231
30m_206k_d50,30m,30,206400,0.5,378,0.760585,0.777984,0.00070726,42.285,1922.4723,52.9180
30m_206k_d50,30m,30,206400,0.5,432,0.669180,0.701801,0.00038488,48.227,2196.3866,53.9134
30m_206k_d50,30m,30,206400,0.5,486,0.638183,0.662144,0.00017572,54.265,2470.3009,52.0705
30m_206k_d50,30m,30,206400,0.5,540,0.608029,0.642723,0.00010010,59.889,2744.2151,58.8837
30m_206k_d50,30m,30,206400,0.5,542,0.601846,0.622717,0.00010000,60.765,2754.3601,63.1118
30m_206k_d100,30m,30,206400,1.0,0,3.392712,3.396027,0.00300000,0.083,5.0725,60.8978
30m_206k_d100,30m,30,206400,1.0,54,2.290198,2.287855,0.00292955,5.842,278.9868,54.6065
30m_206k_d100,30m,30,206400,1.0,108,1.920987,1.925234,0.00272505,11.197,552.9010,58.8957
30m_206k_d100,30m,30,206400,1.0,162,1.651363,1.668062,0.00240636,16.707,826.8153,57.3334
30m_206k_d100,30m,30,206400,1.0,216,1.418679,1.431463,0.00200446,24.524,1100.7295,39.6204
30m_206k_d100,30m,30,206400,1.0,270,1.177794,1.167483,0.00155840,30.275,1374.6438,55.4788
30m_206k_d100,30m,30,206400,1.0,324,0.956955,0.978503,0.00111153,36.607,1648.5581,50.3545
30m_206k_d100,30m,30,206400,1.0,378,0.823786,0.820547,0.00070726,42.440,1922.4723,53.6739
30m_206k_d100,30m,30,206400,1.0,432,0.738942,0.737563,0.00038488,48.314,2196.3866,54.5613
30m_206k_d100,30m,30,206400,1.0,486,0.681625,0.682452,0.00017572,54.680,2470.3009,49.2862
30m_206k_d100,30m,30,206400,1.0,540,0.670762,0.657650,0.00010010,60.171,2744.2151,58.5821
30m_206k_d100,30m,30,206400,1.0,542,0.666306,0.670204,0.00010000,61.049,2754.3601,61.6146
30m_306k_d25,30m,30,306368,0.25,0,3.394476,3.394611,0.00300000,0.142,7.5293,53.1577
30m_306k_d25,30m,30,306368,0.25,34,2.724164,2.727700,0.00293026,5.904,263.5255,54.9799
30m_306k_d25,30m,30,306368,0.25,68,2.225459,2.249052,0.00272774,11.582,519.5217,55.8051
30m_306k_d25,30m,30,306368,0.25,102,2.026162,2.033531,0.00241193,18.088,775.5179,47.5926
30m_306k_d25,30m,30,306368,0.25,136,1.897145,1.934774,0.00201320,25.923,1031.5141,41.5195
30m_306k_d25,30m,30,306368,0.25,170,1.775919,1.805380,0.00156992,32.704,1287.5103,46.1377
30m_306k_d25,30m,30,306368,0.25,204,1.693549,1.718616,0.00112472,39.337,1543.5065,48.2685
30m_306k_d25,30m,30,306368,0.25,238,1.552510,1.584566,0.00072043,46.019,1799.5027,46.7554
30m_306k_d25,30m,30,306368,0.25,272,1.470618,1.502806,0.00039594,52.547,2055.4989,47.9669
30m_306k_d25,30m,30,306368,0.25,306,1.399721,1.464650,0.00018247,59.021,2311.4951,50.7055
30m_306k_d25,30m,30,306368,0.25,340,1.389538,1.423081,0.00010055,64.714,2567.4913,57.3082
30m_306k_d25,30m,30,306368,0.25,343,1.387764,1.423584,0.00010000,66.523,2590.0792,48.7235
30m_306k_d50,30m,30,306368,0.5,0,3.421145,3.422613,0.00300000,0.136,7.5293,55.2245
30m_306k_d50,30m,30,306368,0.5,34,2.867913,2.879173,0.00293026,5.827,263.5255,55.6012
30m_306k_d50,30m,30,306368,0.5,68,2.329597,2.334348,0.00272774,11.475,519.5217,56.4012
30m_306k_d50,30m,30,306368,0.5,102,2.055414,2.078773,0.00241193,17.299,775.5179,54.2062
30m_306k_d50,30m,30,306368,0.5,136,1.905323,1.920358,0.00201320,25.343,1031.5141,43.2706
30m_306k_d50,30m,30,306368,0.5,170,1.826919,1.842416,0.00156992,31.892,1287.5103,47.4167
30m_306k_d50,30m,30,306368,0.5,204,1.737262,1.759669,0.00112472,38.535,1543.5065,49.1024
30m_306k_d50,30m,30,306368,0.5,238,1.611542,1.636507,0.00072043,45.246,1799.5027,48.3262
30m_306k_d50,30m,30,306368,0.5,272,1.518179,1.549123,0.00039594,51.637,2055.4989,49.1596
30m_306k_d50,30m,30,306368,0.5,306,1.486322,1.486462,0.00018247,58.435,2311.4951,49.7280
30m_306k_d50,30m,30,306368,0.5,340,1.450812,1.473515,0.00010055,64.096,2567.4913,55.8033
30m_306k_d50,30m,30,306368,0.5,343,1.441830,1.475094,0.00010000,65.834,2590.0792,52.8725
30m_306k_d100,30m,30,306368,1.0,0,3.391078,3.392303,0.00300000,0.137,7.5293,55.1319
30m_306k_d100,30m,30,306368,1.0,34,2.714811,2.722061,0.00293026,5.953,263.5255,54.2583
30m_306k_d100,30m,30,306368,1.0,68,2.206035,2.225102,0.00272774,11.523,519.5217,56.6701
30m_306k_d100,30m,30,306368,1.0,102,2.051675,2.057191,0.00241193,17.436,775.5179,52.9601
30m_306k_d100,30m,30,306368,1.0,136,1.927711,1.909622,0.00201320,25.501,1031.5141,42.1462
30m_306k_d100,30m,30,306368,1.0,170,1.789949,1.800881,0.00156992,32.067,1287.5103,47.7600
30m_306k_d100,30m,30,306368,1.0,204,1.674147,1.660051,0.00112472,38.816,1543.5065,47.3849
30m_306k_d100,30m,30,306368,1.0,238,1.542890,1.549603,0.00072043,45.749,1799.5027,46.4207
30m_306k_d100,30m,30,306368,1.0,272,1.455895,1.462317,0.00039594,52.354,2055.4989,48.1710
30m_306k_d100,30m,30,306368,1.0,306,1.405946,1.386209,0.00018247,59.050,2311.4951,48.8931
30m_306k_d100,30m,30,306368,1.0,340,1.382472,1.380924,0.00010055,64.804,2567.4913,54.8728
30m_306k_d100,30m,30,306368,1.0,343,1.355057,1.379096,0.00010000,66.507,2590.0792,56.6292
60m_56k_d25,60m,60,56448,0.25,0,3.382409,3.386580,0.00300000,0.024,1.3873,56.9253
60m_56k_d25,60m,60,56448,0.25,439,0.659270,0.721020,0.00292919,10.738,610.3971,57.9250
60m_56k_d25,60m,60,56448,0.25,878,0.467474,0.510722,0.00272368,21.013,1219.4069,60.5257
60m_56k_d25,60m,60,56448,0.25,1317,0.389321,0.427421,0.00240355,31.333,1828.4167,60.1707
60m_56k_d25,60m,60,56448,0.25,1756,0.367374,0.409845,0.00200005,42.063,2437.4264,57.8983
60m_56k_d25,60m,60,56448,0.25,2195,0.340366,0.395583,0.00155259,52.438,3046.4362,59.9454
60m_56k_d25,60m,60,56448,0.25,2634,0.320701,0.371014,0.00110488,63.002,3655.4460,58.7585
60m_56k_d25,60m,60,56448,0.25,3073,0.309286,0.359608,0.00070065,73.485,4264.4558,59.3889
60m_56k_d25,60m,60,56448,0.25,3512,0.303344,0.341493,0.00037937,83.931,4873.4656,59.4871
60m_56k_d25,60m,60,56448,0.25,3951,0.289863,0.336797,0.00017242,94.937,5482.4754,56.5255
60m_56k_d25,60m,60,56448,0.25,4390,0.285295,0.332850,0.00010001,105.855,6091.4852,56.7885
60m_56k_d25,60m,60,56448,0.25,4395,0.284001,0.333993,0.00010000,106.162,6098.4215,65.2125
60m_56k_d50,60m,60,56448,0.5,0,3.343583,3.345877,0.00300000,0.029,1.3873,48.5714
60m_56k_d50,60m,60,56448,0.5,439,0.702574,0.721087,0.00292919,10.785,610.3971,57.7651
60m_56k_d50,60m,60,56448,0.5,878,0.507933,0.505907,0.00272368,20.959,1219.4069,61.0874
60m_56k_d50,60m,60,56448,0.5,1317,0.435260,0.447115,0.00240355,31.345,1828.4167,59.7926
60m_56k_d50,60m,60,56448,0.5,1756,0.393542,0.412050,0.00200005,42.021,2437.4264,58.1285
60m_56k_d50,60m,60,56448,0.5,2195,0.364326,0.382323,0.00155259,52.437,3046.4362,59.7163
60m_56k_d50,60m,60,56448,0.5,2634,0.339014,0.354652,0.00110488,63.019,3655.4460,58.6721
60m_56k_d50,60m,60,56448,0.5,3073,0.329630,0.353120,0.00070065,73.586,4264.4558,58.9124
60m_56k_d50,60m,60,56448,0.5,3512,0.316967,0.335383,0.00037937,83.977,4873.4656,59.7693
60m_56k_d50,60m,60,56448,0.5,3951,0.305788,0.335256,0.00017242,95.138,5482.4754,55.7719
60m_56k_d50,60m,60,56448,0.5,4390,0.302943,0.325802,0.00010001,106.009,6091.4852,57.0430
60m_56k_d50,60m,60,56448,0.5,4395,0.309426,0.316286,0.00010000,106.316,6098.4215,63.2831
60m_56k_d100,60m,60,56448,1.0,0,3.370511,3.371173,0.00300000,0.026,1.3873,52.9008
60m_56k_d100,60m,60,56448,1.0,439,0.694249,0.682205,0.00292919,10.692,610.3971,58.2357
60m_56k_d100,60m,60,56448,1.0,878,0.492004,0.499246,0.00272368,20.882,1219.4069,60.9393
60m_56k_d100,60m,60,56448,1.0,1317,0.424702,0.432889,0.00240355,31.253,1828.4167,59.9326
60m_56k_d100,60m,60,56448,1.0,1756,0.392057,0.400833,0.00200005,42.036,2437.4264,57.6213
60m_56k_d100,60m,60,56448,1.0,2195,0.365764,0.367141,0.00155259,52.471,3046.4362,59.6703
60m_56k_d100,60m,60,56448,1.0,2634,0.341098,0.364364,0.00110488,63.098,3655.4460,58.4218
60m_56k_d100,60m,60,56448,1.0,3073,0.332941,0.336098,0.00070065,73.493,4264.4558,59.7428
60m_56k_d100,60m,60,56448,1.0,3512,0.310113,0.325103,0.00037937,83.982,4873.4656,59.2773
60m_56k_d100,60m,60,56448,1.0,3951,0.308933,0.315463,0.00017242,95.059,5482.4754,56.0807
60m_56k_d100,60m,60,56448,1.0,4390,0.310985,0.311479,0.00010001,106.092,6091.4852,56.2402
60m_56k_d100,60m,60,56448,1.0,4395,0.307501,0.314285,0.00010000,106.419,6098.4215,62.3463
60m_106k_d25,60m,60,106432,0.25,0,3.388285,3.389361,0.00300000,0.062,2.6157,42.1435
60m_106k_d25,60m,60,106432,0.25,230,1.136817,1.165622,0.00292897,11.202,604.2204,56.2587
60m_106k_d25,60m,60,106432,0.25,460,0.497595,0.557161,0.00272284,22.338,1205.8252,56.1337
60m_106k_d25,60m,60,106432,0.25,690,0.358812,0.425223,0.00240181,34.041,1807.4299,53.3233
60m_106k_d25,60m,60,106432,0.25,920,0.330290,0.380873,0.00199732,45.546,2409.0347,54.5494
60m_106k_d25,60m,60,106432,0.25,1150,0.297375,0.346363,0.00154901,56.872,3010.6394,55.0724
60m_106k_d25,60m,60,106432,0.25,1380,0.278290,0.317232,0.00110079,68.087,3612.2442,55.8207
60m_106k_d25,60m,60,106432,0.25,1610,0.262631,0.314959,0.00069659,79.016,4213.8489,57.2345
60m_106k_d25,60m,60,106432,0.25,1840,0.252354,0.301721,0.00037599,91.073,4815.4537,51.6688
60m_106k_d25,60m,60,106432,0.25,2070,0.246747,0.287989,0.00017042,102.402,5417.0584,55.3875
60m_106k_d25,60m,60,106432,0.25,2299,0.246469,0.292006,0.00010000,114.806,6016.0475,49.9447
60m_106k_d50,60m,60,106432,0.5,0,3.393541,3.393230,0.00300000,0.058,2.6157,45.1118
60m_106k_d50,60m,60,106432,0.5,230,1.103563,1.115015,0.00292897,11.463,604.2204,54.7694
60m_106k_d50,60m,60,106432,0.5,460,0.512152,0.521816,0.00272284,22.540,1205.8252,56.2381
60m_106k_d50,60m,60,106432,0.5,690,0.370130,0.393797,0.00240181,34.554,1807.4299,52.0454
60m_106k_d50,60m,60,106432,0.5,920,0.336491,0.349737,0.00199732,45.746,2409.0347,55.6512
60m_106k_d50,60m,60,106432,0.5,1150,0.308213,0.320863,0.00154901,57.269,3010.6394,53.9501
60m_106k_d50,60m,60,106432,0.5,1380,0.287801,0.305533,0.00110079,68.822,3612.2442,53.8792
60m_106k_d50,60m,60,106432,0.5,1610,0.269922,0.290838,0.00069659,80.444,4213.8489,53.9142
60m_106k_d50,60m,60,106432,0.5,1840,0.263910,0.282447,0.00037599,92.518,4815.4537,51.8619
60m_106k_d50,60m,60,106432,0.5,2070,0.253121,0.269607,0.00017042,103.587,5417.0584,56.8398
60m_106k_d50,60m,60,106432,0.5,2299,0.249652,0.274315,0.00010000,116.367,6016.0475,48.3631
60m_106k_d100,60m,60,106432,1.0,0,3.366008,3.366762,0.00300000,0.045,2.6157,58.7472
60m_106k_d100,60m,60,106432,1.0,230,1.103857,1.106368,0.00292897,11.135,604.2204,56.3246
60m_106k_d100,60m,60,106432,1.0,460,0.512944,0.521218,0.00272284,22.143,1205.8252,56.5778
60m_106k_d100,60m,60,106432,1.0,690,0.391886,0.400092,0.00240181,33.833,1807.4299,53.2091
60m_106k_d100,60m,60,106432,1.0,920,0.339726,0.346289,0.00199732,45.356,2409.0347,53.8525
60m_106k_d100,60m,60,106432,1.0,1150,0.315799,0.324111,0.00154901,56.653,3010.6394,55.0165
60m_106k_d100,60m,60,106432,1.0,1380,0.300114,0.301065,0.00110079,68.094,3612.2442,54.5561
60m_106k_d100,60m,60,106432,1.0,1610,0.280566,0.284839,0.00069659,79.598,4213.8489,54.5651
60m_106k_d100,60m,60,106432,1.0,1840,0.271286,0.271677,0.00037599,91.678,4815.4537,52.1568
60m_106k_d100,60m,60,106432,1.0,2070,0.263306,0.268768,0.00017042,102.759,5417.0584,56.6140
60m_106k_d100,60m,60,106432,1.0,2299,0.259805,0.265155,0.00010000,115.534,6016.0475,48.2847
60m_206k_d25,60m,60,206400,0.25,0,3.389283,3.387992,0.00300000,0.084,5.0725,60.3529
60m_206k_d25,60m,60,206400,0.25,115,1.867512,1.885646,0.00292940,11.403,588.4084,54.8445
60m_206k_d25,60m,60,206400,0.25,230,1.285828,1.304898,0.00272447,22.347,1171.7444,57.9524
60m_206k_d25,60m,60,206400,0.25,345,0.739446,0.768085,0.00240516,32.925,1755.0803,59.0582
60m_206k_d25,60m,60,206400,0.25,460,0.490157,0.526778,0.00200258,44.392,2338.4162,54.2658
60m_206k_d25,60m,60,206400,0.25,575,0.391394,0.423213,0.00155593,54.915,2921.7522,60.0971
60m_206k_d25,60m,60,206400,0.25,690,0.336719,0.383138,0.00110869,65.069,3505.0881,61.6105
60m_206k_d25,60m,60,206400,0.25,805,0.308530,0.346423,0.00070444,75.526,4088.4240,60.0731
60m_206k_d25,60m,60,206400,0.25,920,0.285410,0.323689,0.00038252,85.712,4671.7600,61.5903
60m_206k_d25,60m,60,206400,0.25,1035,0.282903,0.321295,0.00017430,95.858,5255.0959,61.9705
60m_206k_d25,60m,60,206400,0.25,1150,0.269398,0.313446,0.00010005,106.054,5838.4318,61.7346
60m_206k_d25,60m,60,206400,0.25,1153,0.269722,0.317150,0.00010000,107.001,5853.6493,61.5817
60m_206k_d50,60m,60,206400,0.5,0,3.404629,3.406376,0.00300000,0.082,5.0725,61.6250
60m_206k_d50,60m,60,206400,0.5,115,1.835869,1.856180,0.00292940,11.363,588.4084,55.0562
60m_206k_d50,60m,60,206400,0.5,230,1.295763,1.298973,0.00272447,22.360,1171.7444,57.3173
60m_206k_d50,60m,60,206400,0.5,345,0.746439,0.776837,0.00240516,33.012,1755.0803,58.7026
60m_206k_d50,60m,60,206400,0.5,460,0.507274,0.522805,0.00200258,44.664,2338.4162,53.5422
60m_206k_d50,60m,60,206400,0.5,575,0.400504,0.424801,0.00155593,55.256,2921.7522,59.4628
60m_206k_d50,60m,60,206400,0.5,690,0.350160,0.371522,0.00110869,65.391,3505.0881,61.7993
60m_206k_d50,60m,60,206400,0.5,805,0.314264,0.347368,0.00070444,75.791,4088.4240,60.7114
60m_206k_d50,60m,60,206400,0.5,920,0.297655,0.314136,0.00038252,86.114,4671.7600,60.9656
60m_206k_d50,60m,60,206400,0.5,1035,0.287144,0.301073,0.00017430,96.391,5255.0959,60.9065
60m_206k_d50,60m,60,206400,0.5,1150,0.279575,0.298484,0.00010005,106.592,5838.4318,61.5192
60m_206k_d50,60m,60,206400,0.5,1153,0.279059,0.299615,0.00010000,107.527,5853.6493,65.3533
60m_206k_d100,60m,60,206400,1.0,0,3.404781,3.404148,0.00300000,0.084,5.0725,60.2018
60m_206k_d100,60m,60,206400,1.0,115,1.898755,1.902905,0.00292940,11.616,588.4084,53.9528
60m_206k_d100,60m,60,206400,1.0,230,1.304893,1.304594,0.00272447,22.478,1171.7444,57.6947
60m_206k_d100,60m,60,206400,1.0,345,0.776227,0.779098,0.00240516,33.020,1755.0803,59.2763
60m_206k_d100,60m,60,206400,1.0,460,0.520289,0.522379,0.00200258,44.459,2338.4162,54.4655
60m_206k_d100,60m,60,206400,1.0,575,0.416962,0.408312,0.00155593,54.849,2921.7522,60.4877
60m_206k_d100,60m,60,206400,1.0,690,0.361071,0.361407,0.00110869,64.979,3505.0881,61.9960
60m_206k_d100,60m,60,206400,1.0,805,0.326958,0.328788,0.00070444,75.436,4088.4240,60.3508
60m_206k_d100,60m,60,206400,1.0,920,0.305838,0.312354,0.00038252,85.648,4671.7600,61.7749
60m_206k_d100,60m,60,206400,1.0,1035,0.295738,0.304167,0.00017430,95.862,5255.0959,61.4727
60m_206k_d100,60m,60,206400,1.0,1150,0.291103,0.294880,0.00010005,106.093,5838.4318,61.2915
60m_206k_d100,60m,60,206400,1.0,1153,0.288585,0.295741,0.00010000,107.053,5853.6493,65.1324
60m_306k_d25,60m,60,306368,0.25,0,3.383118,3.384765,0.00300000,0.135,7.5293,55.8989
60m_306k_d25,60m,60,306368,0.25,75,2.263217,2.281710,0.00292978,11.701,572.2268,55.2381
60m_306k_d25,60m,60,306368,0.25,150,1.864881,1.889757,0.00272591,23.390,1136.9243,53.8402
60m_306k_d25,60m,60,306368,0.25,225,1.628510,1.678267,0.00240814,36.008,1701.6218,52.6039
60m_306k_d25,60m,60,306368,0.25,300,1.223200,1.256213,0.00200726,46.756,2266.3193,59.5824
60m_306k_d25,60m,60,306368,0.25,375,0.914494,0.959979,0.00156208,58.169,2831.0168,55.6633
60m_306k_d25,60m,60,306368,0.25,450,0.731729,0.784483,0.00111574,69.205,3395.7143,57.0339
60m_306k_d25,60m,60,306368,0.25,525,0.605917,0.662967,0.00071145,80.301,3960.4118,56.1068
60m_306k_d25,60m,60,306368,0.25,600,0.556327,0.598425,0.00038839,91.332,4525.1093,58.6449
60m_306k_d25,60m,60,306368,0.25,675,0.502592,0.555881,0.00017784,102.296,5089.8068,57.3655
60m_306k_d25,60m,60,306368,0.25,750,0.475932,0.531408,0.00010020,113.649,5654.5043,56.0523
60m_306k_d25,60m,60,306368,0.25,754,0.487432,0.536080,0.00010000,115.332,5684.6215,60.1054
60m_306k_d50,60m,60,306368,0.5,0,3.395218,3.396603,0.00300000,0.175,7.5293,42.9115
60m_306k_d50,60m,60,306368,0.5,75,2.253030,2.261645,0.00292978,12.057,572.2268,53.5064
60m_306k_d50,60m,60,306368,0.5,150,1.847812,1.898882,0.00272591,24.458,1136.9243,50.3526
60m_306k_d50,60m,60,306368,0.5,225,1.520393,1.540910,0.00240814,36.436,1701.6218,53.6597
60m_306k_d50,60m,60,306368,0.5,300,1.152549,1.169045,0.00200726,47.401,2266.3193,57.7050
60m_306k_d50,60m,60,306368,0.5,375,0.863331,0.861360,0.00156208,58.635,2831.0168,56.3763
60m_306k_d50,60m,60,306368,0.5,450,0.678486,0.685363,0.00111574,69.458,3395.7143,57.8284
60m_306k_d50,60m,60,306368,0.5,525,0.555918,0.587739,0.00071145,80.498,3960.4118,56.8074
60m_306k_d50,60m,60,306368,0.5,600,0.498075,0.521231,0.00038839,91.305,4525.1093,58.8071
60m_306k_d50,60m,60,306368,0.5,675,0.467080,0.502888,0.00017784,102.668,5089.8068,55.1086
60m_306k_d50,60m,60,306368,0.5,750,0.445839,0.468526,0.00010020,114.088,5654.5043,55.7814
60m_306k_d50,60m,60,306368,0.5,754,0.444672,0.474431,0.00010000,115.721,5684.6215,60.0156
60m_306k_d100,60m,60,306368,1.0,0,3.402311,3.404228,0.00300000,0.156,7.5293,48.3861
60m_306k_d100,60m,60,306368,1.0,75,2.175310,2.192200,0.00292978,11.900,572.2268,54.2875
60m_306k_d100,60m,60,306368,1.0,150,1.878952,1.889534,0.00272591,24.108,1136.9243,50.9228
60m_306k_d100,60m,60,306368,1.0,225,1.552560,1.548386,0.00240814,36.116,1701.6218,52.0343
60m_306k_d100,60m,60,306368,1.0,300,1.208644,1.212495,0.00200726,46.767,2266.3193,58.8729
60m_306k_d100,60m,60,306368,1.0,375,0.925992,0.940232,0.00156208,58.132,2831.0168,55.5047
60m_306k_d100,60m,60,306368,1.0,450,0.734730,0.748202,0.00111574,69.180,3395.7143,56.8160
60m_306k_d100,60m,60,306368,1.0,525,0.622123,0.634604,0.00071145,80.307,3960.4118,57.3117
60m_306k_d100,60m,60,306368,1.0,600,0.550672,0.557562,0.00038839,91.583,4525.1093,55.9020
60m_306k_d100,60m,60,306368,1.0,675,0.525256,0.533054,0.00017784,102.638,5089.8068,56.5536
60m_306k_d100,60m,60,306368,1.0,750,0.498573,0.501495,0.00010020,113.471,5654.5043,58.3733
60m_306k_d100,60m,60,306368,1.0,754,0.510918,0.507646,0.00010000,115.040,5684.6215,61.7339
120m_56k_d25,120m,120,56448,0.25,0,3.342671,3.346805,0.00300000,0.026,1.3873,53.3960
120m_56k_d25,120m,120,56448,0.25,886,0.489792,0.520060,0.00292902,20.787,1230.5050,59.7729
120m_56k_d25,120m,120,56448,0.25,1772,0.393141,0.438213,0.00272301,41.507,2459.6227,59.9130
120m_56k_d25,120m,120,56448,0.25,2658,0.347184,0.402123,0.00240216,62.034,3688.7404,60.5049
120m_56k_d25,120m,120,56448,0.25,3544,0.338111,0.375154,0.00199788,83.708,4917.8581,57.3642
120m_56k_d25,120m,120,56448,0.25,4430,0.311999,0.369152,0.00154974,103.777,6146.9759,61.8798
120m_56k_d25,120m,120,56448,0.25,5316,0.303390,0.349370,0.00110163,124.705,7376.0936,59.3249
120m_56k_d25,120m,120,56448,0.25,6202,0.284143,0.339196,0.00069742,145.184,8605.2113,60.6041
120m_56k_d25,120m,120,56448,0.25,7088,0.277785,0.321947,0.00037668,165.591,9834.3290,60.8457
120m_56k_d25,120m,120,56448,0.25,7974,0.266194,0.320543,0.00017083,185.958,11063.4467,60.9556
120m_56k_d25,120m,120,56448,0.25,8859,0.264341,0.321220,0.00010000,206.193,12291.1772,61.3032
120m_56k_d50,120m,120,56448,0.5,0,3.361816,3.365924,0.00300000,0.022,1.3873,62.0699
120m_56k_d50,120m,120,56448,0.5,886,0.466190,0.493782,0.00292902,20.894,1230.5050,59.4439
120m_56k_d50,120m,120,56448,0.5,1772,0.396199,0.412573,0.00272301,41.708,2459.6227,59.6151
120m_56k_d50,120m,120,56448,0.5,2658,0.361194,0.381333,0.00240216,62.209,3688.7404,60.5378
120m_56k_d50,120m,120,56448,0.5,3544,0.341827,0.358233,0.00199788,83.787,4917.8581,57.6773
120m_56k_d50,120m,120,56448,0.5,4430,0.319677,0.345379,0.00154974,103.866,6146.9759,61.8124
120m_56k_d50,120m,120,56448,0.5,5316,0.300765,0.325147,0.00110163,124.996,7376.0936,58.7066
120m_56k_d50,120m,120,56448,0.5,6202,0.289043,0.309578,0.00069742,145.401,8605.2113,60.8094
120m_56k_d50,120m,120,56448,0.5,7088,0.281799,0.304456,0.00037668,165.834,9834.3290,60.7576
120m_56k_d50,120m,120,56448,0.5,7974,0.271167,0.295990,0.00017083,186.317,11063.4467,60.5804
120m_56k_d50,120m,120,56448,0.5,8859,0.274418,0.292873,0.00010000,206.648,12291.1772,60.9713
120m_56k_d100,120m,120,56448,1.0,0,3.338288,3.338506,0.00300000,0.024,1.3873,58.5816
120m_56k_d100,120m,120,56448,1.0,886,0.478719,0.481784,0.00292902,21.056,1230.5050,59.0043
120m_56k_d100,120m,120,56448,1.0,1772,0.392622,0.400609,0.00272301,41.664,2459.6227,60.3112
120m_56k_d100,120m,120,56448,1.0,2658,0.356573,0.363533,0.00240216,62.357,3688.7404,59.9645
120m_56k_d100,120m,120,56448,1.0,3544,0.348337,0.347756,0.00199788,83.817,4917.8581,57.9650
120m_56k_d100,120m,120,56448,1.0,4430,0.326849,0.330060,0.00154974,103.900,6146.9759,61.8255
120m_56k_d100,120m,120,56448,1.0,5316,0.310019,0.306945,0.00110163,124.859,7376.0936,59.2044
120m_56k_d100,120m,120,56448,1.0,6202,0.298010,0.308677,0.00069742,145.113,8605.2113,61.3357
120m_56k_d100,120m,120,56448,1.0,7088,0.285435,0.288855,0.00037668,165.529,9834.3290,60.7717
120m_56k_d100,120m,120,56448,1.0,7974,0.285019,0.283853,0.00017083,185.960,11063.4467,60.7348
120m_56k_d100,120m,120,56448,1.0,8859,0.274627,0.280183,0.00010000,206.198,12291.1772,61.2556
120m_106k_d25,120m,120,106432,0.25,0,3.385067,3.385132,0.00300000,0.044,2.6157,59.7363
120m_106k_d25,120m,120,106432,0.25,466,0.498589,0.529286,0.00292921,22.461,1221.5192,55.5323
120m_106k_d25,120m,120,106432,0.25,932,0.341459,0.385690,0.00272376,45.587,2440.4228,53.7006
120m_106k_d25,120m,120,106432,0.25,1398,0.302758,0.337749,0.00240371,67.438,3659.3263,57.1472
120m_106k_d25,120m,120,106432,0.25,1864,0.271258,0.306329,0.00200030,89.595,4878.2298,55.9537
120m_106k_d25,120m,120,106432,0.25,2330,0.261352,0.299313,0.00155293,110.960,6097.1334,58.0509
120m_106k_d25,120m,120,106432,0.25,2796,0.241529,0.301101,0.00110527,132.420,7316.0369,57.8578
120m_106k_d25,120m,120,106432,0.25,3262,0.238510,0.286431,0.00070103,153.838,8534.9405,58.1120
120m_106k_d25,120m,120,106432,0.25,3728,0.224131,0.286021,0.00037969,175.259,9753.8440,58.1325
120m_106k_d25,120m,120,106432,0.25,4194,0.222809,0.280047,0.00017261,197.039,10972.7475,56.9842
120m_106k_d25,120m,120,106432,0.25,4660,0.216136,0.269005,0.00010001,218.673,12191.6511,57.3485
120m_106k_d25,120m,120,106432,0.25,4666,0.217198,0.275508,0.00010000,219.287,12207.3451,62.1236
120m_106k_d50,120m,120,106432,0.5,0,3.401444,3.401591,0.00300000,0.043,2.6157,61.4790
120m_106k_d50,120m,120,106432,0.5,466,0.527695,0.541622,0.00292921,23.067,1221.5192,53.7735
120m_106k_d50,120m,120,106432,0.5,932,0.340816,0.356299,0.00272376,46.745,2440.4228,52.3387
120m_106k_d50,120m,120,106432,0.5,1398,0.295602,0.317687,0.00240371,69.185,3659.3263,55.2928
120m_106k_d50,120m,120,106432,0.5,1864,0.276524,0.301957,0.00200030,91.263,4878.2298,56.1601
120m_106k_d50,120m,120,106432,0.5,2330,0.262227,0.281237,0.00155293,112.412,6097.1334,58.6652
120m_106k_d50,120m,120,106432,0.5,2796,0.252126,0.279130,0.00110527,134.221,7316.0369,56.8462
120m_106k_d50,120m,120,106432,0.5,3262,0.241967,0.263129,0.00070103,156.188,8534.9405,56.5552
120m_106k_d50,120m,120,106432,0.5,3728,0.238407,0.257137,0.00037969,177.825,9753.8440,57.3691
120m_106k_d50,120m,120,106432,0.5,4194,0.229708,0.253293,0.00017261,199.927,10972.7475,56.1396
120m_106k_d50,120m,120,106432,0.5,4660,0.229008,0.256913,0.00010001,221.442,12191.6511,57.6815
120m_106k_d50,120m,120,106432,0.5,4666,0.228376,0.251696,0.00010000,222.209,12207.3451,61.4455
120m_106k_d100,120m,120,106432,1.0,0,3.374669,3.376662,0.00300000,0.065,2.6157,40.1576
120m_106k_d100,120m,120,106432,1.0,466,0.526941,0.531579,0.00292921,21.998,1221.5192,56.6669
120m_106k_d100,120m,120,106432,1.0,932,0.349338,0.350548,0.00272376,45.015,2440.4228,53.8265
120m_106k_d100,120m,120,106432,1.0,1398,0.310323,0.312706,0.00240371,66.598,3659.3263,57.4838
120m_106k_d100,120m,120,106432,1.0,1864,0.285342,0.297511,0.00200030,89.350,4878.2298,54.6975
120m_106k_d100,120m,120,106432,1.0,2330,0.268185,0.282861,0.00155293,111.068,6097.1334,57.1101
120m_106k_d100,120m,120,106432,1.0,2796,0.260786,0.273442,0.00110527,133.268,7316.0369,55.8832
120m_106k_d100,120m,120,106432,1.0,3262,0.248943,0.256921,0.00070103,155.134,8534.9405,56.7668
120m_106k_d100,120m,120,106432,1.0,3728,0.241355,0.253961,0.00037969,176.634,9753.8440,57.7339
120m_106k_d100,120m,120,106432,1.0,4194,0.240756,0.242148,0.00017261,198.935,10972.7475,55.5912
120m_106k_d100,120m,120,106432,1.0,4660,0.234223,0.241412,0.00010001,220.227,12191.6511,58.2224
120m_106k_d100,120m,120,106432,1.0,4666,0.234434,0.242604,0.00010000,220.903,12207.3451,57.1407
120m_206k_d25,120m,120,206400,0.25,0,3.349113,3.352399,0.00300000,0.083,5.0725,61.0642
120m_206k_d25,120m,120,206400,0.25,237,1.442355,1.472386,0.00292921,20.584,1207.2518,60.6809
120m_206k_d25,120m,120,206400,0.25,474,0.583456,0.630041,0.00272375,40.926,2409.4310,61.2247
120m_206k_d25,120m,120,206400,0.25,711,0.378668,0.414679,0.00240369,61.438,3611.6103,60.6758
120m_206k_d25,120m,120,206400,0.25,948,0.316380,0.363521,0.00200026,81.707,4813.7896,61.5949
120m_206k_d25,120m,120,206400,0.25,1185,0.286641,0.329520,0.00155288,103.389,6015.9689,57.3915
120m_206k_d25,120m,120,206400,0.25,1422,0.267401,0.310127,0.00110521,123.971,7218.1481,60.5872
120m_206k_d25,120m,120,206400,0.25,1659,0.254826,0.292805,0.00070098,145.273,8420.3274,58.4709
120m_206k_d25,120m,120,206400,0.25,1896,0.237283,0.286986,0.00037964,166.394,9622.5067,59.1667
120m_206k_d25,120m,120,206400,0.25,2133,0.233226,0.279612,0.00017258,188.620,10824.6860,56.0002
120m_206k_d25,120m,120,206400,0.25,2370,0.229388,0.283719,0.00010001,211.721,12026.8653,54.7620
120m_206k_d25,120m,120,206400,0.25,2373,0.228066,0.278699,0.00010000,212.747,12042.0827,60.0086
120m_206k_d50,120m,120,206400,0.5,0,3.391425,3.391849,0.00300000,0.087,5.0725,58.4684
120m_206k_d50,120m,120,206400,0.5,237,1.146831,1.159582,0.00292921,20.622,1207.2518,60.7359
120m_206k_d50,120m,120,206400,0.5,474,0.453328,0.477713,0.00272375,40.707,2409.4310,61.9633
120m_206k_d50,120m,120,206400,0.5,711,0.350458,0.372954,0.00240369,61.252,3611.6103,60.6009
120m_206k_d50,120m,120,206400,0.5,948,0.299677,0.320465,0.00200026,81.725,4813.7896,60.9024
120m_206k_d50,120m,120,206400,0.5,1185,0.273841,0.301524,0.00155288,103.377,6015.9689,57.3966
120m_206k_d50,120m,120,206400,0.5,1422,0.256204,0.277907,0.00110521,123.904,7218.1481,60.8054
120m_206k_d50,120m,120,206400,0.5,1659,0.252036,0.269381,0.00070098,145.348,8420.3274,58.0696
120m_206k_d50,120m,120,206400,0.5,1896,0.240489,0.262163,0.00037964,166.268,9622.5067,59.7131
120m_206k_d50,120m,120,206400,0.5,2133,0.236604,0.256578,0.00017258,188.634,10824.6860,55.5829
120m_206k_d50,120m,120,206400,0.5,2370,0.233432,0.255224,0.00010001,211.677,12026.8653,54.5836
120m_206k_d50,120m,120,206400,0.5,2373,0.234756,0.249383,0.00010000,212.649,12042.0827,61.5342
120m_206k_d100,120m,120,206400,1.0,0,3.385834,3.386338,0.00300000,0.106,5.0725,47.9437
120m_206k_d100,120m,120,206400,1.0,237,1.310291,1.316980,0.00292921,20.547,1207.2518,60.9958
120m_206k_d100,120m,120,206400,1.0,474,0.507902,0.498807,0.00272375,40.711,2409.4310,61.7812
120m_206k_d100,120m,120,206400,1.0,711,0.366268,0.360977,0.00240369,61.103,3611.6103,61.2287
120m_206k_d100,120m,120,206400,1.0,948,0.311088,0.314230,0.00200026,81.350,4813.7896,61.6543
120m_206k_d100,120m,120,206400,1.0,1185,0.283588,0.283524,0.00155288,103.158,6015.9689,56.9783
120m_206k_d100,120m,120,206400,1.0,1422,0.270490,0.279424,0.00110521,123.701,7218.1481,60.6251
120m_206k_d100,120m,120,206400,1.0,1659,0.261862,0.263039,0.00070098,145.131,8420.3274,58.1676
120m_206k_d100,120m,120,206400,1.0,1896,0.245601,0.250498,0.00037964,166.055,9622.5067,59.6910
120m_206k_d100,120m,120,206400,1.0,2133,0.242454,0.247479,0.00017258,188.579,10824.6860,55.1546
120m_206k_d100,120m,120,206400,1.0,2370,0.240646,0.246289,0.00010001,211.302,12026.8653,55.2168
120m_206k_d100,120m,120,206400,1.0,2373,0.240281,0.246845,0.00010000,212.292,12042.0827,59.2107
120m_306k_d25,120m,120,306368,0.25,0,3.367344,3.371079,0.00300000,0.134,7.5293,56.0196
120m_306k_d25,120m,120,306368,0.25,157,1.960356,1.986571,0.00292966,21.971,1189.6294,57.7051
120m_306k_d25,120m,120,306368,0.25,314,1.274766,1.293548,0.00272545,43.797,2371.7295,57.4030
120m_306k_d25,120m,120,306368,0.25,471,0.662313,0.699692,0.00240719,67.017,3553.8296,53.5154
120m_306k_d25,120m,120,306368,0.25,628,0.417508,0.464306,0.00200576,89.636,4735.9297,54.9914
120m_306k_d25,120m,120,306368,0.25,785,0.341212,0.376088,0.00156011,112.249,5918.0298,55.3708
120m_306k_d25,120m,120,306368,0.25,942,0.301677,0.335995,0.00111348,135.008,7100.1299,54.3817
120m_306k_d25,120m,120,306368,0.25,1099,0.273928,0.313719,0.00070920,160.573,8282.2300,48.2951
120m_306k_d25,120m,120,306368,0.25,1256,0.262807,0.305005,0.00038651,188.137,9464.3301,44.9086
120m_306k_d25,120m,120,306368,0.25,1413,0.248011,0.297067,0.00017670,214.291,10646.4302,47.9644
120m_306k_d25,120m,120,306368,0.25,1570,0.247895,0.284817,0.00010014,237.334,11828.5302,54.2265
120m_306k_d25,120m,120,306368,0.25,1577,0.245522,0.288963,0.00010000,239.357,11881.2353,62.3521
120m_306k_d50,120m,120,306368,0.5,0,3.338939,3.339286,0.00300000,0.132,7.5293,57.2453
120m_306k_d50,120m,120,306368,0.5,157,1.793318,1.810898,0.00292966,21.987,1189.6294,56.7193
120m_306k_d50,120m,120,306368,0.5,314,1.034961,1.055399,0.00272545,43.602,2371.7295,58.0323
120m_306k_d50,120m,120,306368,0.5,471,0.539475,0.559066,0.00240719,67.478,3553.8296,52.3883
120m_306k_d50,120m,120,306368,0.5,628,0.373405,0.398322,0.00200576,89.925,4735.9297,55.3321
120m_306k_d50,120m,120,306368,0.5,785,0.317143,0.340743,0.00156011,112.432,5918.0298,55.2114
120m_306k_d50,120m,120,306368,0.5,942,0.297878,0.310894,0.00111348,134.879,7100.1299,55.6002
120m_306k_d50,120m,120,306368,0.5,1099,0.264976,0.292244,0.00070920,160.939,8282.2300,47.2296
120m_306k_d50,120m,120,306368,0.5,1256,0.255143,0.278693,0.00038651,188.726,9464.3301,44.9507
120m_306k_d50,120m,120,306368,0.5,1413,0.248782,0.270903,0.00017670,214.162,10646.4302,49.3678
120m_306k_d50,120m,120,306368,0.5,1570,0.247872,0.266348,0.00010014,237.394,11828.5302,53.6147
120m_306k_d50,120m,120,306368,0.5,1577,0.243682,0.268911,0.00010000,239.717,11881.2353,53.8965
120m_306k_d100,120m,120,306368,1.0,0,3.369143,3.371949,0.00300000,0.130,7.5293,58.0199
120m_306k_d100,120m,120,306368,1.0,157,1.833749,1.848255,0.00292966,22.223,1189.6294,56.5098
120m_306k_d100,120m,120,306368,1.0,314,1.038456,1.008018,0.00272545,44.377,2371.7295,56.7263
120m_306k_d100,120m,120,306368,1.0,471,0.566067,0.570355,0.00240719,67.366,3553.8296,54.0506
120m_306k_d100,120m,120,306368,1.0,628,0.398712,0.399798,0.00200576,89.663,4735.9297,56.0401
120m_306k_d100,120m,120,306368,1.0,785,0.333535,0.340726,0.00156011,112.266,5918.0298,55.2663
120m_306k_d100,120m,120,306368,1.0,942,0.298655,0.307148,0.00111348,135.085,7100.1299,54.2699
120m_306k_d100,120m,120,306368,1.0,1099,0.285133,0.289664,0.00070920,161.573,8282.2300,46.6982
120m_306k_d100,120m,120,306368,1.0,1256,0.267547,0.274156,0.00038651,189.365,9464.3301,44.4867
120m_306k_d100,120m,120,306368,1.0,1413,0.261529,0.268969,0.00017670,214.786,10646.4302,49.5093
120m_306k_d100,120m,120,306368,1.0,1570,0.258265,0.268547,0.00010014,237.924,11828.5302,53.9341
120m_306k_d100,120m,120,306368,1.0,1577,0.254260,0.266928,0.00010000,240.188,11881.2353,47.4372
180m_56k_d25,180m,180,56448,0.25,0,3.381549,3.384581,0.00300000,0.037,1.3873,37.1961
180m_56k_d25,180m,180,56448,0.25,1332,0.398263,0.458917,0.00292905,38.354,1849.2256,48.6131
180m_56k_d25,180m,180,56448,0.25,2664,0.344689,0.396793,0.00272316,71.537,3697.0640,56.1239
180m_56k_d25,180m,180,56448,0.25,3996,0.331616,0.381208,0.00240245,108.430,5544.9024,50.3651
180m_56k_d25,180m,180,56448,0.25,5328,0.311805,0.357162,0.00199833,140.414,7392.7408,58.2171
180m_56k_d25,180m,180,56448,0.25,6660,0.287554,0.348540,0.00155034,173.756,9240.5791,55.7900
180m_56k_d25,180m,180,56448,0.25,7992,0.274319,0.333622,0.00110232,208.070,11088.4175,54.2817
180m_56k_d25,180m,180,56448,0.25,9324,0.265993,0.326617,0.00069810,241.284,12936.2559,55.9838
180m_56k_d25,180m,180,56448,0.25,10656,0.255900,0.302289,0.00037725,278.749,14784.0943,49.5739
180m_56k_d25,180m,180,56448,0.25,11988,0.245569,0.312047,0.00017116,316.456,16631.9326,49.3067
180m_56k_d25,180m,180,56448,0.25,13320,0.246280,0.301875,0.00010000,354.834,18479.7710,48.4226
180m_56k_d25,180m,180,56448,0.25,13322,0.243259,0.308834,0.00010000,355.179,18482.5456,64.0711
180m_56k_d50,180m,180,56448,0.5,0,3.366688,3.366923,0.00300000,0.026,1.3873,52.5046
180m_56k_d50,180m,180,56448,0.5,1332,0.426691,0.449514,0.00292905,38.273,1849.2256,48.5932
180m_56k_d50,180m,180,56448,0.5,2664,0.364960,0.384804,0.00272316,71.378,3697.0640,56.2037
180m_56k_d50,180m,180,56448,0.5,3996,0.336700,0.353925,0.00240245,107.979,5544.9024,50.8062
180m_56k_d50,180m,180,56448,0.5,5328,0.318515,0.337759,0.00199833,139.971,7392.7408,58.2309
180m_56k_d50,180m,180,56448,0.5,6660,0.303517,0.321401,0.00155034,173.218,9240.5791,56.0074
180m_56k_d50,180m,180,56448,0.5,7992,0.291944,0.309860,0.00110232,207.575,11088.4175,54.2081
180m_56k_d50,180m,180,56448,0.5,9324,0.280771,0.302388,0.00069810,240.746,12936.2559,56.0417
180m_56k_d50,180m,180,56448,0.5,10656,0.271121,0.291409,0.00037725,278.169,14784.0943,49.6301
180m_56k_d50,180m,180,56448,0.5,11988,0.261643,0.289990,0.00017116,315.757,16631.9326,49.4591
180m_56k_d50,180m,180,56448,0.5,13320,0.256412,0.276161,0.00010000,353.438,18479.7710,49.3247
180m_56k_d50,180m,180,56448,0.5,13322,0.266794,0.282381,0.00010000,353.714,18482.5456,50.9333
180m_56k_d100,180m,180,56448,1.0,0,3.346734,3.348193,0.00300000,0.028,1.3873,48.8114
180m_56k_d100,180m,180,56448,1.0,1332,0.420202,0.416517,0.00292905,38.294,1849.2256,48.6576
180m_56k_d100,180m,180,56448,1.0,2664,0.367737,0.366572,0.00272316,71.617,3697.0640,55.8974
180m_56k_d100,180m,180,56448,1.0,3996,0.345618,0.345686,0.00240245,107.827,5544.9024,51.3283
180m_56k_d100,180m,180,56448,1.0,5328,0.319079,0.336184,0.00199833,140.331,7392.7408,57.2773
180m_56k_d100,180m,180,56448,1.0,6660,0.309440,0.314209,0.00155034,173.762,9240.5791,55.6157
180m_56k_d100,180m,180,56448,1.0,7992,0.294618,0.304944,0.00110232,208.023,11088.4175,54.2863
180m_56k_d100,180m,180,56448,1.0,9324,0.284044,0.284723,0.00069810,241.120,12936.2559,56.3735
180m_56k_d100,180m,180,56448,1.0,10656,0.271766,0.281078,0.00037725,278.797,14784.0943,49.3154
180m_56k_d100,180m,180,56448,1.0,11988,0.266359,0.276989,0.00017116,318.105,16631.9326,47.3419
180m_56k_d100,180m,180,56448,1.0,13320,0.263505,0.282729,0.00010000,358.797,18479.7710,45.7184
180m_56k_d100,180m,180,56448,1.0,13322,0.260151,0.275625,0.00010000,359.138,18482.5456,37.1677
180m_106k_d25,180m,180,106432,0.25,0,3.408459,3.407333,0.00300000,0.045,2.6157,58.5463
180m_106k_d25,180m,180,106432,0.25,703,0.403504,0.441256,0.00292911,38.831,1841.4337,47.9814
180m_106k_d25,180m,180,106432,0.25,1406,0.305648,0.352389,0.00272338,73.900,3680.2517,53.1405
180m_106k_d25,180m,180,106432,0.25,2109,0.282188,0.322604,0.00240292,109.524,5519.0697,52.1872
180m_106k_d25,180m,180,106432,0.25,2812,0.258104,0.304067,0.00199906,146.363,7357.8877,50.6237
180m_106k_d25,180m,180,106432,0.25,3515,0.245057,0.295095,0.00155130,181.269,9196.7057,53.4300
180m_106k_d25,180m,180,106432,0.25,4218,0.233146,0.286333,0.00110340,221.767,11035.5237,45.9784
180m_106k_d25,180m,180,106432,0.25,4921,0.224918,0.283623,0.00069918,262.940,12874.3417,45.3056
180m_106k_d25,180m,180,106432,0.25,5624,0.215910,0.276304,0.00037814,304.076,14713.1597,45.2168
180m_106k_d25,180m,180,106432,0.25,6327,0.214105,0.272054,0.00017169,344.959,16551.9777,45.7183
180m_106k_d25,180m,180,106432,0.25,7030,0.210047,0.278846,0.00010000,386.914,18390.7957,44.2878
180m_106k_d25,180m,180,106432,0.25,7034,0.206234,0.273089,0.00010000,387.635,18401.2584,46.8721
180m_106k_d50,180m,180,106432,0.5,0,3.384525,3.387821,0.00300000,0.098,2.6157,26.5847
180m_106k_d50,180m,180,106432,0.5,703,0.401943,0.426582,0.00292911,39.531,1841.4337,47.4463
180m_106k_d50,180m,180,106432,0.5,1406,0.296437,0.329055,0.00272338,73.791,3680.2517,54.3340
180m_106k_d50,180m,180,106432,0.5,2109,0.278385,0.299090,0.00240292,108.774,5519.0697,53.1709
180m_106k_d50,180m,180,106432,0.5,2812,0.265260,0.283208,0.00199906,145.435,7357.8877,50.6874
180m_106k_d50,180m,180,106432,0.5,3515,0.251708,0.277478,0.00155130,180.562,9196.7057,52.9922
180m_106k_d50,180m,180,106432,0.5,4218,0.243368,0.267044,0.00110340,222.200,11035.5237,44.8395
180m_106k_d50,180m,180,106432,0.5,4921,0.238739,0.256475,0.00069918,258.967,12874.3417,50.9605
180m_106k_d50,180m,180,106432,0.5,5624,0.223284,0.250987,0.00037814,297.421,14713.1597,48.3086
180m_106k_d50,180m,180,106432,0.5,6327,0.218874,0.253954,0.00017169,336.319,16551.9777,47.7539
180m_106k_d50,180m,180,106432,0.5,7030,0.222666,0.253838,0.00010000,375.280,18390.7957,47.7623
180m_106k_d50,180m,180,106432,0.5,7034,0.219952,0.246266,0.00010000,375.944,18401.2584,49.0914
180m_106k_d100,180m,180,106432,1.0,0,3.405656,3.407002,0.00300000,0.077,2.6157,34.0432
180m_106k_d100,180m,180,106432,1.0,703,0.379767,0.385063,0.00292911,39.078,1841.4337,47.7137
180m_106k_d100,180m,180,106432,1.0,1406,0.302312,0.306616,0.00272338,73.432,3680.2517,54.2916
180m_106k_d100,180m,180,106432,1.0,2109,0.280856,0.289220,0.00240292,109.687,5519.0697,51.3480
180m_106k_d100,180m,180,106432,1.0,2812,0.273320,0.276521,0.00199906,146.654,7357.8877,50.4060
180m_106k_d100,180m,180,106432,1.0,3515,0.258087,0.261462,0.00155130,184.361,9196.7057,49.3417
180m_106k_d100,180m,180,106432,1.0,4218,0.249109,0.256096,0.00110340,225.130,11035.5237,46.0717
180m_106k_d100,180m,180,106432,1.0,4921,0.237576,0.247822,0.00069918,258.275,12874.3417,56.2063
180m_106k_d100,180m,180,106432,1.0,5624,0.231602,0.238347,0.00037814,293.736,14713.1597,52.4202
180m_106k_d100,180m,180,106432,1.0,6327,0.229268,0.238436,0.00017169,331.085,16551.9777,49.8567
180m_106k_d100,180m,180,106432,1.0,7030,0.226776,0.237103,0.00010000,369.403,18390.7957,48.5625
180m_106k_d100,180m,180,106432,1.0,7034,0.225891,0.233284,0.00010000,370.154,18401.2584,45.4572
180m_206k_d25,180m,180,206400,0.25,0,3.383895,3.386740,0.00300000,0.113,5.0725,44.7022
180m_206k_d25,180m,180,206400,0.25,359,0.849321,0.878720,0.00292919,38.017,1826.0951,49.1607
180m_206k_d25,180m,180,206400,0.25,718,0.400431,0.430321,0.00272367,75.592,3647.1177,49.5620
180m_206k_d25,180m,180,206400,0.25,1077,0.318093,0.351136,0.00240352,116.256,5468.1403,45.8821
180m_206k_d25,180m,180,206400,0.25,1436,0.277805,0.318032,0.00200000,154.565,7289.1630,48.8330
180m_206k_d25,180m,180,206400,0.25,1795,0.258688,0.309853,0.00155253,188.503,9110.1856,55.1239
180m_206k_d25,180m,180,206400,0.25,2154,0.245484,0.287073,0.00110482,230.378,10931.2082,44.4073
180m_206k_d25,180m,180,206400,0.25,2513,0.232846,0.278393,0.00070059,268.013,12752.2308,49.4872
180m_206k_d25,180m,180,206400,0.25,2872,0.223911,0.276095,0.00037931,303.729,14573.2534,52.1790
180m_206k_d25,180m,180,206400,0.25,3231,0.219062,0.269290,0.00017238,339.181,16394.2760,52.7250
180m_206k_d25,180m,180,206400,0.25,3590,0.215247,0.271823,0.00010001,372.581,18215.2987,55.9980
180m_206k_d25,180m,180,206400,0.25,3594,0.217179,0.265550,0.00010000,373.731,18235.5886,50.6681
180m_206k_d50,180m,180,206400,0.5,0,3.402791,3.403580,0.00300000,0.138,5.0725,36.8691
180m_206k_d50,180m,180,206400,0.5,359,0.672903,0.675034,0.00292919,38.580,1826.0951,48.4553
180m_206k_d50,180m,180,206400,0.5,718,0.342486,0.367290,0.00272367,76.582,3647.1177,49.1849
180m_206k_d50,180m,180,206400,0.5,1077,0.298131,0.318130,0.00240352,118.085,5468.1403,44.6445
180m_206k_d50,180m,180,206400,0.5,1436,0.263490,0.292784,0.00200000,156.146,7289.1630,48.8426
180m_206k_d50,180m,180,206400,0.5,1795,0.253520,0.280914,0.00155253,189.863,9110.1856,55.2577
180m_206k_d50,180m,180,206400,0.5,2154,0.243009,0.266432,0.00110482,232.367,10931.2082,43.6223
180m_206k_d50,180m,180,206400,0.5,2513,0.234115,0.258884,0.00070059,269.954,12752.2308,49.8165
180m_206k_d50,180m,180,206400,0.5,2872,0.228024,0.246553,0.00037931,305.419,14573.2534,52.4928
180m_206k_d50,180m,180,206400,0.5,3231,0.221670,0.244470,0.00017238,340.587,16394.2760,53.1838
180m_206k_d50,180m,180,206400,0.5,3590,0.224312,0.245451,0.00010001,372.525,18215.2987,58.4536
180m_206k_d50,180m,180,206400,0.5,3594,0.219640,0.242235,0.00010000,373.645,18235.5886,52.4461
180m_206k_d100,180m,180,206400,1.0,0,3.360360,3.361779,0.00300000,0.143,5.0725,35.3638
180m_206k_d100,180m,180,206400,1.0,359,0.796729,0.817076,0.00292919,39.370,1826.0951,47.5310
180m_206k_d100,180m,180,206400,1.0,718,0.362368,0.368339,0.00272367,77.568,3647.1177,48.7365
180m_206k_d100,180m,180,206400,1.0,1077,0.308705,0.311558,0.00240352,118.507,5468.1403,45.5691
180m_206k_d100,180m,180,206400,1.0,1436,0.278834,0.282120,0.00200000,157.123,7289.1630,48.2791
180m_206k_d100,180m,180,206400,1.0,1795,0.266468,0.272362,0.00155253,191.406,9110.1856,54.3628
180m_206k_d100,180m,180,206400,1.0,2154,0.250993,0.259255,0.00110482,234.913,10931.2082,42.7687
180m_206k_d100,180m,180,206400,1.0,2513,0.245973,0.249699,0.00070059,271.474,12752.2308,51.3477
180m_206k_d100,180m,180,206400,1.0,2872,0.236978,0.238557,0.00037931,307.328,14573.2534,51.8977
180m_206k_d100,180m,180,206400,1.0,3231,0.230860,0.236735,0.00017238,341.634,16394.2760,54.3793
180m_206k_d100,180m,180,206400,1.0,3590,0.226561,0.236016,0.00010001,373.924,18215.2987,57.7665
180m_206k_d100,180m,180,206400,1.0,3594,0.227384,0.240170,0.00010000,374.881,18235.5886,61.5991
180m_306k_d25,180m,180,306368,0.25,0,3.383152,3.384599,0.00300000,0.184,7.5293,41.0263
180m_306k_d25,180m,180,306368,0.25,240,1.300985,1.357207,0.00292897,42.042,1814.5613,44.6056
180m_306k_d25,180m,180,306368,0.25,480,0.497081,0.528820,0.00272285,81.729,3621.5933,47.1287
180m_306k_d25,180m,180,306368,0.25,720,0.350154,0.386149,0.00240183,119.772,5428.6253,49.1583
180m_306k_d25,180m,180,306368,0.25,960,0.291759,0.338879,0.00199735,167.096,7235.6573,39.3240
180m_306k_d25,180m,180,306368,0.25,1200,0.267009,0.315054,0.00154905,207.248,9042.6893,46.8373
180m_306k_d25,180m,180,306368,0.25,1440,0.249662,0.294427,0.00110084,245.278,10849.7213,49.5007
180m_306k_d25,180m,180,306368,0.25,1680,0.235232,0.288577,0.00069664,281.226,12656.7532,52.1272
180m_306k_d25,180m,180,306368,0.25,1920,0.227688,0.279343,0.00037603,313.378,14463.7852,58.3520
180m_306k_d25,180m,180,306368,0.25,2160,0.221208,0.273423,0.00017044,344.861,16270.8172,59.8569
180m_306k_d25,180m,180,306368,0.25,2399,0.219314,0.276891,0.00010000,375.291,18070.3199,61.2755
180m_306k_d50,180m,180,306368,0.5,0,3.415093,3.416036,0.00300000,0.238,7.5293,31.6473
180m_306k_d50,180m,180,306368,0.5,240,1.369295,1.374163,0.00292897,43.805,1814.5613,42.8144
180m_306k_d50,180m,180,306368,0.5,480,0.559666,0.574899,0.00272285,84.103,3621.5933,46.7162
180m_306k_d50,180m,180,306368,0.5,720,0.358014,0.396143,0.00240183,124.300,5428.6253,46.3787
180m_306k_d50,180m,180,306368,0.5,960,0.307240,0.331937,0.00199735,170.899,7235.6573,40.1888
180m_306k_d50,180m,180,306368,0.5,1200,0.286146,0.301553,0.00154905,210.586,9042.6893,46.9104
180m_306k_d50,180m,180,306368,0.5,1440,0.267728,0.283281,0.00110084,249.494,10849.7213,48.1766
180m_306k_d50,180m,180,306368,0.5,1680,0.250853,0.276908,0.00069664,286.483,12656.7532,50.7197
180m_306k_d50,180m,180,306368,0.5,1920,0.242550,0.267235,0.00037603,320.639,14463.7852,54.7088
180m_306k_d50,180m,180,306368,0.5,2160,0.236042,0.256488,0.00017044,354.268,16270.8172,55.9039
180m_306k_d50,180m,180,306368,0.5,2399,0.230845,0.251783,0.00010000,384.778,18070.3199,61.6933
180m_306k_d100,180m,180,306368,1.0,0,3.371637,3.375149,0.00300000,0.294,7.5293,25.6343
180m_306k_d100,180m,180,306368,1.0,240,1.245789,1.244056,0.00292897,46.866,1814.5613,40.1590
180m_306k_d100,180m,180,306368,1.0,480,0.486562,0.504018,0.00272285,84.809,3621.5933,49.6243
180m_306k_d100,180m,180,306368,1.0,720,0.353060,0.349482,0.00240183,129.477,5428.6253,41.7222
180m_306k_d100,180m,180,306368,1.0,960,0.305752,0.314566,0.00199735,171.117,7235.6573,45.0716
180m_306k_d100,180m,180,306368,1.0,1200,0.280896,0.290511,0.00154905,210.643,9042.6893,47.3059
180m_306k_d100,180m,180,306368,1.0,1440,0.264291,0.272054,0.00110084,248.683,10849.7213,49.5142
180m_306k_d100,180m,180,306368,1.0,1680,0.253754,0.259202,0.00069664,283.807,12656.7532,53.5015
180m_306k_d100,180m,180,306368,1.0,1920,0.243717,0.253912,0.00037603,316.026,14463.7852,58.0211
180m_306k_d100,180m,180,306368,1.0,2160,0.239907,0.241250,0.00017044,348.805,16270.8172,57.2797
180m_306k_d100,180m,180,306368,1.0,2399,0.233553,0.244269,0.00010000,378.062,18070.3199,64.0109
